BioSample,LibraryName,refGenome,Run,Organism,BioProject
SAMN12253926,SAMN12253926,GCA_013397665.1,SRR9947384,Probosciger aterrimus,PRJNA545868
SAMN12253926,SAMN12253926,GCA_013397665.1,SRR9946815,Probosciger aterrimus,PRJNA545868
SAMN12253926,SAMN12253926,GCA_013397665.1,SRR9946817,Probosciger aterrimus,PRJNA545868
SAMN12253926,SAMN12253926,GCA_013397665.1,SRR9947073,Probosciger aterrimus,PRJNA545868
SAMN12253926,SAMN12253926,GCA_013397665.1,SRR9947074,Probosciger aterrimus,PRJNA545868
SAMN12253926,SAMN12253926,GCA_013397665.1,SRR9947075,Probosciger aterrimus,PRJNA545868
SAMN12253926,SAMN12253926,GCA_013397665.1,SRR9947076,Probosciger aterrimus,PRJNA545868
SAMN12253926,SAMN12253926,GCA_013397665.1,SRR9946702,Probosciger aterrimus,PRJNA545868
SAMN12253926,SAMN12253926,GCA_013397665.1,SRR9946703,Probosciger aterrimus,PRJNA545868
